AERO,
AFS,
AG_ED,
AGING,
AGRI,
AGTM,
AIS,
AMDT,
AMER_ST,
ANIM_SCI,
ANTH,
ARABIC,
ARCH,
ART,
ASIA,
ASTRONOM,
ATH_T,
B_A,
B_LAW,
BIO_ENG,
BIOLOGY,
BIOMDSCI,
BSYSE,
CAS,
CE,
CES,
CHE,
CHEM,
CHINESE,
CLASSICS,
COM,
COMHLTH,
COMJOUR,
COMSTRAT,
CON_E,
COUN_PSY,
CPT_S,
CRM_J,
CROP_SCI,
CSSTE,
CST_M,
DATA,
DESIGN,
DTC,
E_E,
E_M,
E_MIC,
ECONS,
ED_AD,
ED_MTHSC,
ED_PSYCH,
ED_RES,
ENGLISH,
ENGR,
ENTOM,
ENTRP,
FIN,
FINE_ART,
FOR_LANG,
FRENCH,
FS,
GENED,
GERMAN,
GLANHLTH,
H_D,
HBM,
HISTORY,
HONORS,
HORT,
HUMANITY,
I_BUS,
I_D,
INTERDIS,
IPM,
ITALIAN,
JAPANESE,
KIN_ACTV,
KINES,
KOREAN,
LATIN,
LLT,
LND_ARCH,
MATH,
MATSE,
MBIOS,
ME,
MGMT,
MGTOP,
MIL_SCI,
MIS,
MIT,
MKTG,
MPS,
MSE,
MUS,
NAV_SCI,
NEUROSCI,
PHIL,
PHYSICS,
PL_P,
POL_S,
PREV_SCI,
PSYCH,
RUSSIAN,
SCIENCE,
SDC,
SOC,
SOE,
SOIL_SCI,
SPANISH,
SPEC_ED,
SPMGT,
STAT,
TCH_LRN,
UNIV,
VET_CLIN,
VET_MED,
VET_MICR,
VET_PATH,
VET_PH,
VIT_ENOL,
WGSS,
WRITE
